text;is meeting
The next quality-control meeting will be held Friday, March 5, at 1:00 p.m. in the conference room off the atrium. ;1
The “news” is that the quality-control meeting will be heading in a new direction. ;0
I will meet you tomorrow at 11am at the bus station next to Tesco.;1
It will be held at the Multimedia Art Museum from 2 to 29 July.;1
On January 23, Belmont University hosted a Curb Seminar showing of “Ballad of the Dreadnought,” a Martin Guitars documentary, and made a special announcement from Martin Guitars for songwriting majors.;1
See you at 6 pm then;1
The meeting will take place on the 5th of January, starting at 2 pm and finishing at 4 pm. Could you please confirm whether you will be able to participate?;1
I am very glad to announce that next Friday the 27th of March we will have special guests with us who will present their best practices with us.;1
Would you be both of you available to have this meeting next Tuesday @ 8 am PST?;1
We invite you to an interview at our office at the address: 34 Dark Spurt, London,  UK, December 20, 2020 at 11:00. We ask you to have a passport with you to issue a one-time pass.;1
Mary’s attorney issues a subpoena ad testificandum to one of Mary’s co-workers, who she says witnessed her supervisor’s sexual advances on more than one occasion. The co-worker is required to attend a deposition on May 25th, at 9:00 a.m., at the office of her attorney to give testimony.;1
In ice hockey, the Colorado Avalanche defeat the Tampa Bay Lightning to win the Stanley Cup (Conn Smythe Trophy winner Cale Makar pictured);0
He was one of three scientists sent to the Caribbean in 1902 by the National Geographic Society to report on the aftermath of the Mount Pelée disaster.;0
There was the free press in Qatar, Al Jazeera, but its’ offices in Kabul and Baghdad were bombed by Americans;0
"The demonstration and analysis of the main mistakes on the exam in the discipline ""Strategic Management"" will take place tomorrow, June 22, at 19.00, in Zoom.";1
Pick me up at 8:00 at Rachel's, okay?;1
Between July 6 and October 5, 2009 you are invited to participate in the most grandiose drawing organized some time in Moldova!;1
Tomorrow, June 18 at 12:00 (GMT+3), we will arrange a viewing of the reports of Yandex speakers in the Special Chat virtual space.;1
Already this Sunday, May 15, at 23:59:59 Moscow time, decision-making will end.;0
Thank you for registering for webinar with Kate Krol. You can find information about this webinar below.\n Date & Time Apr 9, 2022 11:00 AM Moscow \n Webinar ID 899 3143 5877;1
Sorry, I'm going to be late.;0
More than 100 meetings with elected officials were held on the second day, touching on issues such as online-booking scams, safety and security, travel facilitation and investment in infrastructure.;0
The event originated on June 22, 1986, on Baker Beach in San Francisco as a small function organized by Larry Harvey and Jerry James, the builders of the first Man.;1
For the first time since 2019, Comic-Con returns to the San Diego Convention Center on July 21 - 24, 2022!;1
Prime Minister Boris Johnson met French President Macron at the G7 Summit in Germany today.;1
The day marks the date in history when the first pride march was held in New York City in 1970.;1
They met Truman at the Canadian Embassy in Washington DC on November 1, 1951, where they hosted him for dinner. ;1
An 1874 speaking event in Manchester organised by Becker, was attended by 14-year-old Emmeline Goulden, who was to become an ardent campaigner for women's rights, and later married Dr Pankhurst becoming known as Emmeline Pankhurst.;1
The Liverpool Dockers' dispute was a lengthy dispute between dockers, their employers Mersey Docks and Harbour Company (MDHC) and Torside Ltd, which lasted for twenty-eight months between 1995 and 1998 in Liverpool, England.;1
A State Opening of Parliament took place on 11 May 2021;1
 The engagement ceremony will take place at Bilawal House in Karachi and Mehndi is also scheduled at the same place on January 27.;1
And just to confirm, the ceremony will take place in Hebron at 3pm.;1
The burial ceremony will take place at 07:00 local time (12:00 p.m. GMT) on December 4 at the cemetery of Santa Ifigenia.;1
I'll pack for us and meet you at Station East.;1
I'll meet you at the corner of Pearl and Pine.;1
I'll meet u at the bus station on Glebe at 2:00 p.m.;1
The best thing is, if you want to be a tourist, grab a cab now, and I'll meet you at the railway station;1
I would like to invite you to join 2 cultural events on Sunday 13.3 at 18.15 an Arbat street walking tour - historical insight,   RSVP ( more details below) ;1
Time and place of meeting : 🚩March 14, Mon upstairs, near the metro station Savelovskaya.;1
Sat 14 May 15.30 Let’s extend the spring  fairy tale -after an excursion in Old Kolomenskoye, I invite you possible to- nearby  🌟 Wooden Palace of Tsar Alexei Mikhailovich.;1
I'll Meet You At Midnight.;1
Bhakti Fest is a yoga, dance, and sacred music festival that has been held annually in Joshua Tree, California since 2009.;1
Protests took place in Portugal last weekend in Lisbon and Porto with those in attendance demonstrating against lockdown measures, mandatory mask wearing and digital vaccine certificates.;1
Consultations will be held on Saturday, November 13 from 10:00 to 20:00 Moscow time, the meetings will be held online in Zoom.;1
Our final 2022 University-wide Open Day will be on Friday 16 September.;1
On the same day (18 July) a “few hundred” people also gathered in Porto in a protest that had also been organised by the same movement.;1
 Both events took place in St.Petersburg and gathered the representatives of world-famous companies specializing on sea oil and gas extraction.;1
We, the representatives of 85 countries, having gathered here today in Geneva to assess the progress made in. implementing and to reaffirm our support and commitment to the goals laid down in the Geneva Declaration on Armed Violence and Development.;1
HUNDREDS gathered in a Gwent park this weekend, for a day of family fun and festivities.;1
Thousands of Windsor Muslims gathered in the St. Denis Center to celebrate Eid Al-Adha in Windsor, on Saturday, July 9, 2022. ;1
The president met the UK prime minister in London yesterday.;1
The children's club meets every Thursday afternoon.;1
Guess who I met in town today.;1
We met our old neighbours at an auction last Saturday.;1
Will you meet me at the airport?;1
The horizon is the line where the sky meets the earth.;0
He met his death the South Atlantic.;0
The doctor unexpectedly met one of her patients in the supermarket.;1
 I’d like you to meet my friend Laura.;1
Senior government officials attended a gathering in Dubai in September to meet international oil executives.;1
Delegates will meet at the Imperial Hotel next Wednesday at 10.30.;1
European Union leaders are meeting in Nice to decide on various reforms.;1
Trust directors have already met with staff to review records and discuss future performance targets.;1
Certain criteria must be met by applicants before they can enrol on the program.;0
I'm going to meet with my boss tomorrow morning.;1
The firm's expansion abroad has met with a mixed response.;0
Sometimes we just hang in the park.;1
We're having a meeting on Thursday to discuss the problem.;1
We scheduled the meeting for Friday.;1
The FSA will hold a meeting to discuss possible compensation payouts on Monday.;1
Over 200 people attended the meeting at the company's headquarters in San Diego.;1
What happened as a result of having this town meeting?;0
He went to the doctor on Wednesday for a previously scheduled appointment.;1
3pm is the scheduled departure time.;1
Once a year we all come together and celebrate our family.;1
